-- =====================================================
-- DATA INSERT STATEMENTS - PART 2
-- Symptoms, DTC Codes, Sensors, Actuators, and more
-- =====================================================

-- =====================================================
-- SECTION 1: SYMPTOMS DATA
-- =====================================================

INSERT INTO public.symptoms (symptom_id, problem_id, symptom_description, symptom_type, frequency, occurrence_condition, created_at, updated_at) VALUES
('506b1b6d-9dbe-4149-b01b-05534d63dc0f', '7eb9d443-0e90-4ec4-a79e-57e0e1915974', 'Mesin bergetar tidak normal saat idle atau akselerasi', 'Vibration', 'Always', 'Idle dan akselerasi', '2026-01-02 07:09:42.345607+00', '2026-01-02 07:09:42.345607+00'),
('c495ecd8-dc64-4042-8904-b37460a33563', '7eb9d443-0e90-4ec4-a79e-57e0e1915974', 'Lampu Check Engine berkedip atau menyala terus', 'Warning Light', 'Always', 'Saat misfire terjadi', '2026-01-02 07:09:42.345607+00', '2026-01-02 07:09:42.345607+00'),
('3fb9bb7d-44df-448f-b681-94e9369ba718', '7eb9d443-0e90-4ec4-a79e-57e0e1915974', 'Tenaga mesin berkurang signifikan', 'Performance', 'Always', 'Akselerasi', '2026-01-02 07:09:42.345607+00', '2026-01-02 07:09:42.345607+00'),
('5c411e19-7b58-4b8f-aa6e-ca896f047967', '7eb9d443-0e90-4ec4-a79e-57e0e1915974', 'Suara mesin tidak rata seperti batuk', 'Audio', 'Intermittent', 'Idle dan akselerasi', '2026-01-02 07:09:42.345607+00', '2026-01-02 07:09:42.345607+00'),
('b0c3e246-4a51-411c-87f4-79cc7d4ebf25', '7eb9d443-0e90-4ec4-a79e-57e0e1915974', 'Konsumsi bahan bakar meningkat', 'Performance', 'Always', 'Sepanjang waktu', '2026-01-02 07:09:42.345607+00', '2026-01-02 07:09:42.345607+00'),
('08860dd9-0674-49fb-a7bf-abba7df8e2fb', '7eb9d443-0e90-4ec4-a79e-57e0e1915974', 'Bau bahan bakar mentah dari knalpot', 'Smell', 'Intermittent', 'Saat mesin jalan', '2026-01-02 07:09:42.345607+00', '2026-01-02 07:09:42.345607+00'),
('bd2ebcd5-6e9f-4067-b4a5-8d8162bc5568', 'e363b9f7-029a-4996-bc99-44f189defb40', 'Indikator suhu di dashboard naik ke zona merah', 'Warning Light', 'Intermittent', 'Saat berkendara lama atau macet', '2026-01-02 07:09:42.345607+00', '2026-01-02 07:09:42.345607+00'),
('4d18554e-c969-4b7f-b04b-84b7ef1811df', 'e363b9f7-029a-4996-bc99-44f189defb40', 'Uap keluar dari kap mesin', 'Visual', 'Occasional', 'Saat overheating parah', '2026-01-02 07:09:42.345607+00', '2026-01-02 07:09:42.345607+00'),
('1b301a06-d81d-4841-931e-0d7d8ce0658d', 'e363b9f7-029a-4996-bc99-44f189defb40', 'Bau coolant manis dari mesin', 'Smell', 'Intermittent', 'Saat overheating', '2026-01-02 07:09:42.345607+00', '2026-01-02 07:09:42.345607+00'),
('1f878497-3e83-4ea6-8930-ca5eefed212b', 'e363b9f7-029a-4996-bc99-44f189defb40', 'AC menjadi tidak dingin atau panas', 'Performance', 'Intermittent', 'Saat macet berkepanjangan', '2026-01-02 07:09:42.345607+00', '2026-01-02 07:09:42.345607+00'),
('a7f2f4c8-a586-4c11-abec-8662464766f2', 'e363b9f7-029a-4996-bc99-44f189defb40', 'Mesin kehilangan tenaga', 'Performance', 'Intermittent', 'Saat suhu tinggi', '2026-01-02 07:09:42.345607+00', '2026-01-02 07:09:42.345607+00'),
('a0154b0b-b3e1-497e-89d7-28887e6c0c1d', '667e97b0-efd5-4e9a-a22c-cb603c0180e3', 'RPM naik turun sendiri saat idle', 'Performance', 'Always', 'Idle', '2026-01-02 07:09:42.345607+00', '2026-01-02 07:09:42.345607+00'),
('8b0d5d57-1c27-47e4-a73c-2f92c9ce77d6', '667e97b0-efd5-4e9a-a22c-cb603c0180e3', 'Mesin bergetar berlebihan saat diam', 'Vibration', 'Always', 'Idle', '2026-01-02 07:09:42.345607+00', '2026-01-02 07:09:42.345607+00'),
('59009ba3-7af4-413e-a692-db09d8b5acb6', '667e97b0-efd5-4e9a-a22c-cb603c0180e3', 'Mesin hampir mati saat idle', 'Performance', 'Intermittent', 'Idle, terutama saat AC on', '2026-01-02 07:09:42.345607+00', '2026-01-02 07:09:42.345607+00'),
('5d8c83f4-f902-4548-8097-491252361013', '667e97b0-efd5-4e9a-a22c-cb603c0180e3', 'Getaran terasa di setir dan kabin', 'Vibration', 'Always', 'Idle', '2026-01-02 07:09:42.345607+00', '2026-01-02 07:09:42.345607+00');

-- =====================================================
-- SECTION 2: DTC CODES DATA
-- =====================================================

INSERT INTO public.dtc_codes (dtc_id, problem_id, dtc_code, dtc_description, dtc_type, obd_standard, created_at, updated_at) VALUES
('c7653a9c-5fed-4ab8-8c38-3ce958288f1c', '7eb9d443-0e90-4ec4-a79e-57e0e1915974', 'P0300', 'Random/Multiple Cylinder Misfire Detected - Misfire acak terdeteksi di beberapa silinder', 'Powertrain', 'OBD-II', '2026-01-02 07:11:24.910567+00', '2026-01-02 07:11:24.910567+00'),
('9d9a6586-7796-40e4-880f-3094ea80ab7b', '7eb9d443-0e90-4ec4-a79e-57e0e1915974', 'P0301', 'Cylinder 1 Misfire Detected - Misfire terdeteksi di silinder 1', 'Powertrain', 'OBD-II', '2026-01-02 07:11:24.910567+00', '2026-01-02 07:11:24.910567+00'),
('64dc8a98-ade9-4abc-9b69-1e58c9988c9b', '7eb9d443-0e90-4ec4-a79e-57e0e1915974', 'P0302', 'Cylinder 2 Misfire Detected - Misfire terdeteksi di silinder 2', 'Powertrain', 'OBD-II', '2026-01-02 07:11:24.910567+00', '2026-01-02 07:11:24.910567+00'),
('379df3b8-0171-4db7-a6e5-24ef3e355be0', '7eb9d443-0e90-4ec4-a79e-57e0e1915974', 'P0303', 'Cylinder 3 Misfire Detected - Misfire terdeteksi di silinder 3', 'Powertrain', 'OBD-II', '2026-01-02 07:11:24.910567+00', '2026-01-02 07:11:24.910567+00'),
('bcb1baa2-f1b0-4d47-bee0-6a34f0d58787', '7eb9d443-0e90-4ec4-a79e-57e0e1915974', 'P0304', 'Cylinder 4 Misfire Detected - Misfire terdeteksi di silinder 4', 'Powertrain', 'OBD-II', '2026-01-02 07:11:24.910567+00', '2026-01-02 07:11:24.910567+00'),
('10679c07-a5ec-41d0-92c8-80c87b513e1b', '7946bacb-44b4-4d72-9e4f-755e8e29d8ec', 'P0325', 'Knock Sensor 1 Circuit Malfunction - Sensor knock tidak berfungsi dengan baik', 'Powertrain', 'OBD-II', '2026-01-02 07:11:24.910567+00', '2026-01-02 07:11:24.910567+00'),
('0cfd7415-04d6-4a43-b2bf-40c60ff60967', '7946bacb-44b4-4d72-9e4f-755e8e29d8ec', 'P0326', 'Knock Sensor 1 Circuit Range/Performance - Sinyal sensor knock di luar rentang', 'Powertrain', 'OBD-II', '2026-01-02 07:11:24.910567+00', '2026-01-02 07:11:24.910567+00'),
('d8996d32-d3c2-468e-9a7e-bd4ffb7f4da1', '7946bacb-44b4-4d72-9e4f-755e8e29d8ec', 'P0327', 'Knock Sensor 1 Circuit Low Input - Input rendah dari sensor knock', 'Powertrain', 'OBD-II', '2026-01-02 07:11:24.910567+00', '2026-01-02 07:11:24.910567+00'),
('b3afada5-fcff-41a6-bc94-8c1e0b968c09', '7946bacb-44b4-4d72-9e4f-755e8e29d8ec', 'P0328', 'Knock Sensor 1 Circuit High Input - Input tinggi dari sensor knock', 'Powertrain', 'OBD-II', '2026-01-02 07:11:24.910567+00', '2026-01-02 07:11:24.910567+00'),
('ebf29a26-be6b-4539-ac76-b100787d4038', 'e363b9f7-029a-4996-bc99-44f189defb40', 'P0115', 'Engine Coolant Temperature Circuit Malfunction - Sirkuit ECT bermasalah', 'Powertrain', 'OBD-II', '2026-01-02 07:11:24.910567+00', '2026-01-02 07:11:24.910567+00'),
('539b0857-97d1-4f9b-8087-aa2355b036a6', 'e363b9f7-029a-4996-bc99-44f189defb40', 'P0116', 'Engine Coolant Temperature Circuit Range/Performance - ECT di luar rentang', 'Powertrain', 'OBD-II', '2026-01-02 07:11:24.910567+00', '2026-01-02 07:11:24.910567+00'),
('c4c142c4-3fef-49df-817e-c09dc33c28fd', 'e363b9f7-029a-4996-bc99-44f189defb40', 'P0117', 'Engine Coolant Temperature Circuit Low Input - Input ECT terlalu rendah', 'Powertrain', 'OBD-II', '2026-01-02 07:11:24.910567+00', '2026-01-02 07:11:24.910567+00'),
('d18190a9-298f-4f4f-8b10-010926b4ddec', 'e363b9f7-029a-4996-bc99-44f189defb40', 'P0118', 'Engine Coolant Temperature Circuit High Input - Input ECT terlalu tinggi', 'Powertrain', 'OBD-II', '2026-01-02 07:11:24.910567+00', '2026-01-02 07:11:24.910567+00'),
('3a79a2b9-18b0-469d-aa1a-75e3f2cd01a6', 'e363b9f7-029a-4996-bc99-44f189defb40', 'P0217', 'Engine Overtemperature Condition - Kondisi overheating terdeteksi', 'Powertrain', 'OBD-II', '2026-01-02 07:11:24.910567+00', '2026-01-02 07:11:24.910567+00'),
('2456ee34-1578-42a2-b095-e39df5903313', '706e0034-d88c-44bb-a347-9f0ecaf39579', 'P0520', 'Engine Oil Pressure Sensor Circuit Malfunction', 'Powertrain', 'OBD-II', '2026-01-02 07:11:24.910567+00', '2026-01-02 07:11:24.910567+00');

-- =====================================================
-- SECTION 3: SENSORS DATA
-- =====================================================

INSERT INTO public.sensors (sensor_id, problem_id, sensor_name, sensor_location, failure_mode, testing_method, created_at, updated_at) VALUES
('f3c94d42-84d8-40ac-b82f-57443443855b', '7eb9d443-0e90-4ec4-a79e-57e0e1915974', 'Camshaft Position Sensor (CMP)', 'Di cylinder head dekat camshaft', 'No signal, timing error, correlation error dengan CKP', 'Cek sinyal dengan scan tool, ukur resistansi, periksa timing correlation', '2026-01-02 07:14:52.663489+00', '2026-01-02 07:14:52.663489+00'),
('8761ac15-52eb-4c99-ac83-a50d25d45e35', '7eb9d443-0e90-4ec4-a79e-57e0e1915974', 'Ignition Coil', 'Di atas atau dekat busi masing-masing silinder', 'Short circuit, open circuit, weak spark', 'Ukur resistansi primer 0.5-2 ohm, sekunder 6k-15k ohm, tes spark dengan spark tester', '2026-01-02 07:14:52.663489+00', '2026-01-02 07:14:52.663489+00'),
('8914470d-7dee-4fbc-98c0-b36ea2176f14', '7eb9d443-0e90-4ec4-a79e-57e0e1915974', 'Crankshaft Position Sensor (CKP)', 'Di dekat crankshaft pulley atau flywheel', 'No signal, intermittent signal, out of range', 'Cek sinyal dengan oscilloscope, ukur resistansi 200-400 ohm, periksa air gap', '2026-01-02 07:14:52.663489+00', '2026-01-02 07:14:52.663489+00'),
('bcb0d2de-6edb-4e12-bd3a-cbbd853ea02b', '7946bacb-44b4-4d72-9e4f-755e8e29d8ec', 'Knock Sensor', 'Di engine block antara silinder 2 dan 3', 'Open circuit, short circuit, sensitivity berkurang', 'Ukur resistansi (spesifik per merek), cek sinyal saat engine running dengan oscilloscope', '2026-01-02 07:14:52.663489+00', '2026-01-02 07:14:52.663489+00'),
('415206c7-e431-458c-a4f5-ac50e0898cd9', 'e363b9f7-029a-4996-bc99-44f189defb40', 'Engine Coolant Temperature Sensor (ECT)', 'Di thermostat housing atau intake manifold', 'Open circuit, short circuit, stuck value', 'Ukur resistansi pada berbagai suhu (dingin ~2-3k ohm, panas ~200-400 ohm)', '2026-01-02 07:14:52.663489+00', '2026-01-02 07:14:52.663489+00'),
('8a73bd25-1dd8-410e-9321-4bc317b3e42e', 'e363b9f7-029a-4996-bc99-44f189defb40', 'Coolant Level Sensor', 'Di reservoir coolant', 'Float stuck, wiring corrosion', 'Cek kontinuitas dan level actual coolant', '2026-01-02 07:14:52.663489+00', '2026-01-02 07:14:52.663489+00'),
('60509bca-4101-4d11-9a93-88c3ff84412f', '667e97b0-efd5-4e9a-a22c-cb603c0180e3', 'Mass Air Flow Sensor (MAF)', 'Di antara air filter dan throttle body', 'Contamination, hot wire failure, out of range', 'Cek voltage output dengan multimeter (0.5V idle - 4.5V WOT), bersihkan dengan MAF cleaner', '2026-01-02 07:14:52.663489+00', '2026-01-02 07:14:52.663489+00'),
('dd725f11-8198-43d8-86a3-ced8bc54ef0d', '667e97b0-efd5-4e9a-a22c-cb603c0180e3', 'Manifold Absolute Pressure Sensor (MAP)', 'Di intake manifold', 'Vacuum leak, sensor failure, clogged port', 'Cek voltage (1V idle - 4.5V WOT), cek vacuum dengan vacuum gauge', '2026-01-02 07:14:52.663489+00', '2026-01-02 07:14:52.663489+00'),
('297357bd-7d5e-478a-8e96-b89e14a88c61', '667e97b0-efd5-4e9a-a22c-cb603c0180e3', 'Idle Air Control Valve (IACV)', 'Di throttle body', 'Carbon buildup, motor failure, stuck open/closed', 'Cek resistansi motor (6-13 ohm), bersihkan passage, tes actuator dengan scan tool', '2026-01-02 07:14:52.663489+00', '2026-01-02 07:14:52.663489+00'),
('f1bb7547-b27b-41bd-87a0-6e9d05cb56bc', '0694da84-0c1e-4e22-b569-9e73e8e74031', 'Throttle Position Sensor (TPS)', 'Di throttle body', 'Dead spot, erratic signal, out of range', 'Cek voltage sweep 0.5V-4.5V saat throttle dibuka perlahan, tidak boleh ada dropout', '2026-01-02 07:14:52.663489+00', '2026-01-02 07:14:52.663489+00'),
('f6e5f6aa-d376-47fa-8948-581a376c6ea6', '0694da84-0c1e-4e22-b569-9e73e8e74031', 'Accelerator Pedal Position Sensor (APP)', 'Di pedal gas', 'Signal not correlating, dead spot, erratic', 'Cek dual track voltage, bandingkan kedua sinyal harus proporsional', '2026-01-02 07:14:52.663489+00', '2026-01-02 07:14:52.663489+00'),
('f31bb9ed-a2ec-46a5-97ad-495b00db943b', '706e0034-d88c-44bb-a347-9f0ecaf39579', 'Oil Pressure Sensor', 'Di engine block dekat oil filter', 'False low reading, no signal', 'Cek tekanan actual dengan mechanical gauge', '2026-01-02 07:14:52.663489+00', '2026-01-02 07:14:52.663489+00');

-- =====================================================
-- SECTION 4: ACTUATORS DATA
-- =====================================================

INSERT INTO public.actuators (actuator_id, problem_id, actuator_name, actuator_type, failure_symptoms, testing_procedure, created_at, updated_at) VALUES
('258656df-d3c4-4895-8c56-115ebe078728', '7eb9d443-0e90-4ec4-a79e-57e0e1915974', 'Fuel Injector', 'Electrical', 'Spray pattern buruk, leaking, clogged, dead injector', 'Ukur resistansi 10-16 ohm, tes dengan Noid light, cek spray pattern dengan injector tester', '2026-01-02 07:16:05.67209+00', '2026-01-02 07:16:05.67209+00'),
('fac52435-88db-4a12-a3f7-7dc385cb9e2b', '7eb9d443-0e90-4ec4-a79e-57e0e1915974', 'Ignition Coil', 'Electrical', 'Weak spark, no spark, intermittent spark', 'Ukur resistansi primer dan sekunder, tes spark dengan inline spark tester', '2026-01-02 07:16:05.67209+00', '2026-01-02 07:16:05.67209+00'),
('f74a359d-6c60-4b17-b27b-06c11626dcc5', '7eb9d443-0e90-4ec4-a79e-57e0e1915974', 'Spark Plug', 'Electrical', 'Worn electrode, fouled, wrong gap', 'Cek electrode wear, gap 0.8-1.1mm, cek kondisi insulator', '2026-01-02 07:16:05.67209+00', '2026-01-02 07:16:05.67209+00'),
('0df90d98-070f-41df-a823-f324a7508658', '667e97b0-efd5-4e9a-a22c-cb603c0180e3', 'Idle Air Control Valve (IACV)', 'Electro-mechanical', 'Stuck open/closed, motor failure, carbon buildup', 'Cek resistansi motor 6-13 ohm, actuator test dengan scan tool, bersihkan dengan throttle cleaner', '2026-01-02 07:16:05.67209+00', '2026-01-02 07:16:05.67209+00'),
('6b0181f8-551f-403d-8808-d182f28dcb33', '667e97b0-efd5-4e9a-a22c-cb603c0180e3', 'Electronic Throttle Body', 'Electro-mechanical', 'Sticking, motor failure, position error', 'Cek motor drive dengan scan tool, bersihkan tanpa throttle cleaner berbasis solvent kuat', '2026-01-02 07:16:05.67209+00', '2026-01-02 07:16:05.67209+00'),
('94ebdb69-8957-4cc9-8c99-3ed9dcac8646', '0694da84-0c1e-4e22-b569-9e73e8e74031', 'Throttle Body Motor', 'Electrical', 'No response, slow response, position error', 'Actuator test dengan scan tool, cek voltage ke motor', '2026-01-02 07:16:05.67209+00', '2026-01-02 07:16:05.67209+00'),
('efac0c9f-80fa-40dd-afac-63a07f1eb8d9', '73ef8472-7dd9-4766-82cb-b44286a8ef88', 'EGR Valve', 'Electro-mechanical', 'Stuck open (rough idle), stuck closed (knocking, high NOx)', 'Actuator test dengan scan tool, cek vacuum diaphragm, bersihkan carbon deposits', '2026-01-02 07:16:05.67209+00', '2026-01-02 07:16:05.67209+00'),
('74f98a25-994c-45d5-928c-3497527a6b3b', 'a285f602-f901-439f-a005-602514615f20', 'Cooling Fan Motor', 'Electrical', 'Not running, running constantly, slow speed', 'Cek dengan direct battery power, ukur current draw, cek relay dan control module', '2026-01-02 07:16:05.67209+00', '2026-01-02 07:16:05.67209+00'),
('9bcbe2e4-dcfd-431b-abf8-e47b4aef6fc6', 'a285f602-f901-439f-a005-602514615f20', 'Cooling Fan Relay', 'Electrical', 'Not energizing, welded contacts', 'Swap dengan relay sejenis, cek kontinuitas koil dan kontak', '2026-01-02 07:16:05.67209+00', '2026-01-02 07:16:05.67209+00'),
('1d8b43c4-482b-41e7-8810-1cbf33e7e19c', 'e2f599f5-3b72-4de8-bf87-76ce854a8325', 'Fuel Pump', 'Electrical', 'No priming sound, low pressure, overheating', 'Cek tekanan dengan fuel pressure gauge (spec 40-60 PSI), cek current draw 4-7A', '2026-01-02 07:16:05.67209+00', '2026-01-02 07:16:05.67209+00'),
('844251fa-c9b7-48df-93a1-6fa489c2f5b1', 'e2f599f5-3b72-4de8-bf87-76ce854a8325', 'Fuel Pump Relay', 'Electrical', 'No power to pump, intermittent operation', 'Swap dengan relay sejenis, cek dengan test light', '2026-01-02 07:16:05.67209+00', '2026-01-02 07:16:05.67209+00'),
('c3ae78d6-4a67-4d40-b4c9-3af221c0a386', '78ef01cf-c17b-45cc-8885-1abdde8ef7c0', 'Fuel Pressure Regulator', 'Mechanical', 'High/low fuel pressure, fuel in vacuum line', 'Cek tekanan dengan dan tanpa vacuum, cek vacuum line untuk fuel', '2026-01-02 07:16:05.67209+00', '2026-01-02 07:16:05.67209+00'),
('47d07cc6-2884-4541-bb16-fa6c4ad02edd', '78ba3c55-8181-4ce1-aab8-a9ed945d0719', 'Shift Solenoid', 'Electrical', 'Harsh shift, no shift, stuck in gear', 'Cek resistansi 10-25 ohm, actuator test dengan scan tool', '2026-01-02 07:16:05.67209+00', '2026-01-02 07:16:05.67209+00');

-- =====================================================
-- SECTION 5: PARTS FACTORS DATA
-- =====================================================

INSERT INTO public.parts_factors (part_id, problem_id, component_name, component_type, failure_cause, wear_indicator, replacement_interval, created_at, updated_at) VALUES
('7351c191-740a-4484-9479-ff2a726dce30', '7eb9d443-0e90-4ec4-a79e-57e0e1915974', 'Busi (Spark Plug)', 'Mechanical Part', 'Elektroda aus, fouling karbon/oli, gap melebar', 'Warna elektroda, erosi, gap melebihi spec', '20.000-40.000 km (standard), 60.000-100.000 km (iridium/platinum)', '2026-01-02 07:23:44.895869+00', '2026-01-02 07:23:44.895869+00'),
('ba8f894b-b06c-4838-928b-5abc22a76b64', '7eb9d443-0e90-4ec4-a79e-57e0e1915974', 'Kabel Busi (Ignition Wire)', 'Electrical Component', 'Insulator pecah, resistansi tinggi, korosi terminal', 'Resistansi tinggi >15k ohm/ft, visual cracks', '60.000-100.000 km', '2026-01-02 07:23:44.895869+00', '2026-01-02 07:23:44.895869+00'),
('6b3398d2-4d8c-4929-be5f-18a21f2429ab', '7eb9d443-0e90-4ec4-a79e-57e0e1915974', 'Ignition Coil Pack', 'Electrical Component', 'Overheating, internal short, insulation breakdown', 'Misfire pada silinder tertentu, sulit start saat panas', 'Ganti saat rusak', '2026-01-02 07:23:44.895869+00', '2026-01-02 07:23:44.895869+00'),
('4bfdbbce-f687-46da-adad-175793b5e8ac', '7946bacb-44b4-4d72-9e4f-755e8e29d8ec', 'Bahan Bakar Berkualitas Buruk', 'External Factor', 'Oktan rendah, kontaminasi air, endapan', 'Knocking saat akselerasi, performa turun', 'Gunakan oktan sesuai spesifikasi', '2026-01-02 07:23:44.895869+00', '2026-01-02 07:23:44.895869+00'),
('f64f8111-3797-4bf0-ab27-740f8736338c', '7946bacb-44b4-4d72-9e4f-755e8e29d8ec', 'Carbon Deposit', 'External Factor', 'Akumulasi karbon di ruang bakar, valve, piston', 'Hot spots menyebabkan pre-ignition', 'Lakukan decarbonization setiap 30.000-50.000 km', '2026-01-02 07:23:44.895869+00', '2026-01-02 07:23:44.895869+00'),
('870ad481-20f5-4736-aca1-32cd7d1851f1', 'e363b9f7-029a-4996-bc99-44f189defb40', 'Coolant/Air Radiator', 'Fluid', 'Konsentrasi berkurang, kontaminasi oli, endapan karat', 'Warna keruh, pH berubah, proteksi freeze turun', 'Ganti setiap 2 tahun atau 40.000 km', '2026-01-02 07:23:44.895869+00', '2026-01-02 07:23:44.895869+00'),
('9bf189a4-0f5a-4e4b-ac6f-01a13c30a3a3', 'e363b9f7-029a-4996-bc99-44f189defb40', 'Radiator Cap', 'Mechanical Part', 'Spring lemah, seal rusak, tidak menahan tekanan', 'Coolant overflow saat panas, pressure test fail', 'Ganti setiap 5 tahun atau saat radiator service', '2026-01-02 07:23:44.895869+00', '2026-01-02 07:23:44.895869+00'),
('4031a063-7f9f-4b55-93f5-59c9c0589334', 'e363b9f7-029a-4996-bc99-44f189defb40', 'Radiator Hose', 'Mechanical Part', 'Karet mengeras, retak internal, mengembang', 'Soft spots, bulging, cracks visual', 'Ganti setiap 4-5 tahun', '2026-01-02 07:23:44.895869+00', '2026-01-02 07:23:44.895869+00'),
('0f075260-a8ee-43b8-8cc8-39b1e72d0c82', '706e0034-d88c-44bb-a347-9f0ecaf39579', 'Piston Ring', 'Mechanical Part', 'Aus karena friction, stuck ring', 'Blow-by gas, oil consumption tinggi, compression rendah', 'Overhaul saat compression < 75% spec', '2026-01-02 07:23:44.895869+00', '2026-01-02 07:23:44.895869+00'),
('e87b7e19-76fb-4193-8361-cbfb260f9de7', '706e0034-d88c-44bb-a347-9f0ecaf39579', 'Valve Stem Seal', 'Mechanical Part', 'Karet mengeras dan crack', 'Smoke saat cold start atau deselerasi', 'Ganti saat overhaul atau masalah muncul', '2026-01-02 07:23:44.895869+00', '2026-01-02 07:23:44.895869+00'),
('7714cf6e-8cb1-4a70-8b49-65bcbaafadda', '706e0034-d88c-44bb-a347-9f0ecaf39579', 'Engine Oil', 'Fluid', 'Viskositas berubah, additive depleted, kontaminasi', 'Warna gelap, bau terbakar, endapan sludge', 'Ganti setiap 5.000-10.000 km atau 6 bulan', '2026-01-02 07:23:44.895869+00', '2026-01-02 07:23:44.895869+00'),
('31e094ae-f10b-4080-8648-31f1b726f9a2', '706e0034-d88c-44bb-a347-9f0ecaf39579', 'PCV Valve', 'Mechanical Part', 'Stuck open/closed, diaphragm rusak', 'Idle rough, oil consumption, sludge buildup', 'Ganti setiap 50.000-80.000 km', '2026-01-02 07:23:44.895869+00', '2026-01-02 07:23:44.895869+00');

-- =====================================================
-- SECTION 6: SOLUTIONS DATA
-- =====================================================

INSERT INTO public.solutions (solution_id, problem_id, solution_step, step_order, difficulty_level, estimated_time, special_notes, is_ai_generated, created_at, updated_at) VALUES
('52d6c81b-9395-4e89-9148-951c96bfbb8c', '7eb9d443-0e90-4ec4-a79e-57e0e1915974', 'Scan ECU untuk DTC codes - catat semua kode P030X untuk identifikasi silinder mana yang misfire', 1, 'Easy', 5, 'Gunakan scanner OBD-II profesional untuk data freeze frame', false, '2026-01-02 07:27:47.222283+00', '2026-01-02 07:27:47.222283+00'),
('a91e3efb-1553-4305-9b8c-0366caa23542', '7eb9d443-0e90-4ec4-a79e-57e0e1915974', 'Periksa busi pada silinder yang bermasalah - cek elektroda, gap (0.8-1.1mm), dan kondisi insulator', 2, 'Easy', 15, 'Busi dengan elektroda aus atau gap terlalu lebar harus diganti', false, '2026-01-02 07:27:47.222283+00', '2026-01-02 07:27:47.222283+00'),
('bd122308-2a0f-40e5-8d0c-3a8cd915a31b', '7eb9d443-0e90-4ec4-a79e-57e0e1915974', 'Test ignition coil dengan spark tester - pasang tester inline dan crank engine, harus ada spark biru konsisten', 3, 'Medium', 10, 'Spark lemah atau orange menandakan coil bermasalah', false, '2026-01-02 07:27:47.222283+00', '2026-01-02 07:27:47.222283+00'),
('17048cf4-c235-4b58-a209-08e453c1cd9b', '7eb9d443-0e90-4ec4-a79e-57e0e1915974', 'Cek fuel injector - ukur resistansi (spec 10-16 ohm), dengarkan click dengan stethoscope', 4, 'Medium', 15, 'Gunakan Noid light untuk memverifikasi sinyal dari ECU', false, '2026-01-02 07:27:47.222283+00', '2026-01-02 07:27:47.222283+00'),
('ac4e8270-ad38-4925-b05f-3b6d44f54c07', '7eb9d443-0e90-4ec4-a79e-57e0e1915974', 'Lakukan compression test pada silinder bermasalah - minimum 75% dari spec atau 10% variasi antar silinder', 5, 'Medium', 20, 'Compression rendah pada satu silinder indikasi valve atau ring problem', false, '2026-01-02 07:27:47.222283+00', '2026-01-02 07:27:47.222283+00'),
('5daf9c23-378d-451d-9ff1-d373f87a7def', '7eb9d443-0e90-4ec4-a79e-57e0e1915974', 'Periksa intake manifold untuk vacuum leak - gunakan smoke machine atau spray carb cleaner saat idle', 6, 'Medium', 15, 'RPM naik saat spray = leak ditemukan', false, '2026-01-02 07:27:47.222283+00', '2026-01-02 07:27:47.222283+00'),
('b965e297-ab01-42a9-874d-3262a75b1463', '7eb9d443-0e90-4ec4-a79e-57e0e1915974', 'Clear DTC codes dan test drive untuk konfirmasi perbaikan', 7, 'Easy', 15, 'Monitor live data untuk misfire counter', false, '2026-01-02 07:27:47.222283+00', '2026-01-02 07:27:47.222283+00'),
('1ecead6e-da43-4dad-9425-686ae462c04b', 'e363b9f7-029a-4996-bc99-44f189defb40', 'JANGAN buka radiator cap saat panas! Tunggu mesin dingin minimum 30 menit', 1, 'Easy', 30, 'BAHAYA: Coolant bertekanan bisa menyembur dan menyebabkan luka bakar serius', false, '2026-01-02 07:27:47.222283+00', '2026-01-02 07:27:47.222283+00'),
('4a6a8377-3caa-495c-8009-b39b3321016e', 'e363b9f7-029a-4996-bc99-44f189defb40', 'Periksa level coolant di reservoir dan radiator - isi jika kurang dengan coolant yang sesuai spec', 2, 'Easy', 5, 'Jangan campur coolant warna berbeda, bisa menyebabkan gel', false, '2026-01-02 07:27:47.222283+00', '2026-01-02 07:27:47.222283+00'),
('368cd046-c426-430d-b179-4239700dd372', 'e363b9f7-029a-4996-bc99-44f189defb40', 'Cek fungsi cooling fan - harus menyala saat AC on atau suhu mencapai ~95°C', 3, 'Easy', 10, 'Jika tidak menyala, cek relay, fuse, dan motor', false, '2026-01-02 07:27:47.222283+00', '2026-01-02 07:27:47.222283+00'),
('9dcf4df8-74cc-4450-9fd8-d59ebebaaeed', 'e363b9f7-029a-4996-bc99-44f189defb40', 'Pressure test sistem cooling - pasang tester, pompa ke 15-18 psi, tahan 10 menit', 4, 'Medium', 15, 'Tekanan drop menandakan kebocoran internal atau eksternal', false, '2026-01-02 07:27:47.222283+00', '2026-01-02 07:27:47.222283+00'),
('c2d6fcc7-d402-46ad-a5c3-402e18457a29', '667e97b0-efd5-4e9a-a22c-cb603c0180e3', 'Bersihkan throttle body dengan throttle body cleaner khusus', 1, 'Easy', 20, 'Jangan gunakan carb cleaner biasa pada electronic throttle body', false, '2026-01-02 07:27:47.222283+00', '2026-01-02 07:27:47.222283+00');

-- =====================================================
-- SECTION 7: TOOLS DATA
-- =====================================================

INSERT INTO public.tools (tool_id, solution_id, tool_name, tool_specification, tool_category, is_mandatory, alternative_tool, created_at, updated_at) VALUES
('7fabce05-6a5b-405c-b77a-6d408201423e', '52d6c81b-9395-4e89-9148-951c96bfbb8c', 'OBD-II Scanner', 'Scanner dengan kemampuan read live data dan freeze frame. Rekomendasi: Autel MaxiCheck atau Launch X431', 'Diagnostic', true, 'Basic code reader untuk DTC saja', '2026-01-02 07:33:52.585503+00', '2026-01-02 07:33:52.585503+00'),
('94c5f3df-1743-4301-a1cc-1bdc6ec4d625', '52d6c81b-9395-4e89-9148-951c96bfbb8c', 'Spark Plug Socket', '16mm atau 21mm (tergantung merek), deep socket dengan rubber insert', 'Hand Tool', true, NULL, '2026-01-02 07:33:52.585503+00', '2026-01-02 07:33:52.585503+00'),
('b1d83ef3-7e82-4473-addd-4851cd75a2f0', '52d6c81b-9395-4e89-9148-951c96bfbb8c', 'Feeler Gauge', 'Set feeler gauge 0.05-1.0mm untuk cek spark plug gap', 'Hand Tool', true, NULL, '2026-01-02 07:33:52.585503+00', '2026-01-02 07:33:52.585503+00'),
('31b7de49-6709-4b8b-8226-5c3bfc0aa727', '52d6c81b-9395-4e89-9148-951c96bfbb8c', 'Spark Tester', 'Inline spark tester dengan adjustable gap', 'Diagnostic', true, 'Spark plug lama yang diground ke engine block', '2026-01-02 07:33:52.585503+00', '2026-01-02 07:33:52.585503+00'),
('ec2cf484-01ef-4e25-aef1-3d879ad0d35c', '52d6c81b-9395-4e89-9148-951c96bfbb8c', 'Digital Multimeter', 'DMM dengan kemampuan ukur resistance, voltage, frequency', 'Diagnostic', true, NULL, '2026-01-02 07:33:52.585503+00', '2026-01-02 07:33:52.585503+00'),
('07c3239e-c062-4ec0-9305-e71893c90890', '52d6c81b-9395-4e89-9148-951c96bfbb8c', 'Noid Light', 'Injector pulse tester', 'Diagnostic', false, 'Test light dengan resistor', '2026-01-02 07:33:52.585503+00', '2026-01-02 07:33:52.585503+00'),
('6cf847a8-1fe7-4125-a43f-95964ef62cfc', '52d6c81b-9395-4e89-9148-951c96bfbb8c', 'Compression Tester', 'Gauge 0-300 PSI dengan adapter berbagai ukuran', 'Diagnostic', true, NULL, '2026-01-02 07:33:52.585503+00', '2026-01-02 07:33:52.585503+00'),
('c0965981-b86d-402c-9d09-a0ebff2df8ac', '52d6c81b-9395-4e89-9148-951c96bfbb8c', 'Smoke Machine', 'Automotive smoke machine untuk vacuum leak detection', 'Diagnostic', false, 'Carb cleaner spray method', '2026-01-02 07:33:52.585503+00', '2026-01-02 07:33:52.585503+00'),
('e381d42d-e8a4-41ff-bffe-56d97bfb583f', '1ecead6e-da43-4dad-9425-686ae462c04b', 'Cooling System Pressure Tester', 'Kit dengan adapter berbagai ukuran radiator cap', 'Diagnostic', true, NULL, '2026-01-02 07:33:52.585503+00', '2026-01-02 07:33:52.585503+00'),
('579c6503-e587-4659-a138-843bf2d91950', '1ecead6e-da43-4dad-9425-686ae462c04b', 'IR Thermometer', 'Infrared temperature gun untuk cek hotspot', 'Diagnostic', true, 'Contact thermometer', '2026-01-02 07:33:52.585503+00', '2026-01-02 07:33:52.585503+00'),
('443fa3b3-6c80-4733-b43c-04b6de09b09f', '1ecead6e-da43-4dad-9425-686ae462c04b', 'Combustion Leak Tester', 'Block tester dengan fluid test untuk head gasket', 'Diagnostic', true, NULL, '2026-01-02 07:33:52.585503+00', '2026-01-02 07:33:52.585503+00'),
('89d3e63a-4246-4c0c-98dc-dfef3066be5b', '1ecead6e-da43-4dad-9425-686ae462c04b', 'Coolant Refractometer', 'Untuk cek konsentrasi coolant', 'Diagnostic', false, 'Hydrometer coolant tester', '2026-01-02 07:33:52.585503+00', '2026-01-02 07:33:52.585503+00'),
('e5725011-005f-41d3-abc7-f9d00c70f582', '1ecead6e-da43-4dad-9425-686ae462c04b', 'Pliers Hose Clamp', 'Hose clamp pliers untuk radiator hose', 'Hand Tool', true, 'Standard pliers', '2026-01-02 07:33:52.585503+00', '2026-01-02 07:33:52.585503+00'),
('19e1335f-b163-426e-b8f8-f307b35ca636', 'c2d6fcc7-d402-46ad-a5c3-402e18457a29', 'Throttle Body Cleaner', 'CRC atau Wynn throttle body cleaner', 'Specialty Tool', true, 'Carb cleaner dengan catatan hati-hati di sensor', '2026-01-02 07:33:52.585503+00', '2026-01-02 07:33:52.585503+00');

-- =====================================================
-- SECTION 8: TECHNICAL THEORY DATA
-- =====================================================

INSERT INTO public.technical_theory (theory_id, problem_id, theory_title, technical_explanation, system_operation, failure_mechanism, preventive_measures, reference_links, is_ai_generated, created_at, updated_at) VALUES
('5edbd9d1-7b80-4919-adff-71bda1f31b31', '7eb9d443-0e90-4ec4-a79e-57e0e1915974', 'Teori Pembakaran dan Penyebab Misfire', 'Misfire terjadi ketika proses pembakaran di dalam silinder tidak sempurna atau tidak terjadi sama sekali. Pembakaran normal memerlukan tiga elemen: campuran udara-bahan bakar yang tepat (stoichiometric ratio 14.7:1), spark dengan timing dan energi yang cukup, serta compression yang memadai untuk menghasilkan heat of compression.', 'Pada mesin 4-tak, proses pembakaran terjadi pada langkah power stroke. ECU menghitung timing pengapian berdasarkan input dari berbagai sensor (CKP, CMP, MAF, TPS, ECT, knock sensor). Fuel injector menyemprotkan bahan bakar dengan durasi yang dikalkulasi untuk menghasilkan AFR optimal. Ignition coil menghasilkan tegangan tinggi (20.000-40.000V) yang disalurkan ke busi untuk menghasilkan spark.', 'Misfire dapat terjadi karena: 1) Spark tidak ada/lemah - busi aus, coil rusak, wiring bermasalah. 2) Fuel tidak disemprotkan/tidak cukup - injector clogged, fuel pressure rendah. 3) Compression rendah - ring aus, valve tidak menutup sempurna, head gasket bocor. 4) Timing salah - sensor CKP/CMP error, timing chain stretch. ECU mendeteksi misfire melalui fluctuasi CKP signal dan menyalakan CEL.', '1) Gunakan bahan bakar berkualitas dengan oktan sesuai spesifikasi. 2) Ganti busi sesuai interval pabrikan. 3) Periksa kondisi ignition system secara berkala. 4) Ganti fuel filter sesuai jadwal. 5) Hindari berkendara dengan tangki hampir kosong. 6) Lakukan tune-up berkala.', 'SAE J2012 OBD-II Standard, ISO 15765 CAN Protocol', false, '2026-01-02 07:30:23.858427+00', '2026-01-02 07:30:23.858427+00'),
('03858c26-32d3-43be-9c0e-5f2430303a85', 'e363b9f7-029a-4996-bc99-44f189defb40', 'Teori Sistem Pendinginan dan Overheating', 'Sistem pendinginan mesin bekerja untuk membuang panas berlebih dari proses pembakaran. Suhu operasi normal mesin bensin adalah 85-105°C. Overheating terjadi ketika heat rejection tidak cukup mengimbangi heat generation, menyebabkan suhu mesin melebihi batas aman.', 'Coolant disirkulasikan oleh water pump melalui water jacket di engine block dan cylinder head. Thermostat mengatur aliran ke radiator - tertutup saat dingin untuk warm-up cepat, terbuka saat panas untuk cooling maksimal. Radiator membuang panas ke udara, dibantu cooling fan saat kecepatan rendah. Pressure cap menjaga sistem bertekanan (1.1-1.3 bar) untuk menaikkan boiling point coolant.', 'Overheating dapat terjadi karena: 1) Coolant kurang - kebocoran eksternal atau internal. 2) Sirkulasi terhambat - thermostat stuck, water pump failure, radiator blocked. 3) Heat rejection kurang - fan tidak bekerja, condenser kotor, airflow blocked. 4) Heat generation berlebih - timing terlalu maju, lean mixture, head gasket bocor (combustion gas masuk cooling system).', '1) Cek level coolant secara rutin. 2) Ganti coolant sesuai interval. 3) Pressure test sistem cooling berkala. 4) Pastikan cooling fan berfungsi baik. 5) Bersihkan kondensor dan radiator dari kotoran. 6) Jangan abaikan warning temperature.', 'Thermodynamics principles, SAE J1238 Cooling System Standard', false, '2026-01-02 07:30:23.858427+00', '2026-01-02 07:30:23.858427+00'),
('a1b2c3d4-e5f6-7890-abcd-ef1234567890', '78ba3c55-8181-4ce1-aab8-a9ed945d0719', 'Teori Transmisi Otomatis dan Slip', 'Automatic transmission menggunakan planetary gear sets, clutch packs, dan bands untuk menghasilkan berbagai gear ratio. Torque converter menggantikan fungsi kopling manual, mentransfer torque melalui hydraulic coupling.', 'ATF (Automatic Transmission Fluid) berfungsi sebagai: 1) Media hydraulic untuk mengaktifkan clutch dan band. 2) Lubrikasi dan cooling. 3) Friction modifier untuk clutch engagement. Valve body mengarahkan tekanan hydraulic ke clutch pack yang sesuai. Shift solenoid mengontrol valve body berdasarkan perintah TCM. Torque converter clutch (TCC) locks up di cruising untuk efisiensi.', 'Transmission slip terjadi ketika: 1) Clutch friction material aus - tidak cukup grip, slip saat load tinggi. 2) Hydraulic pressure rendah - pump aus, solenoid stuck, internal leak. 3) ATF contaminated - friction modifier depleted, tidak dapat grip optimal. 4) Valve body issue - solenoid stuck, valve bore wear, pressure regulation error.', '1) Ganti ATF sesuai interval pabrikan (40.000-60.000 km untuk severe service). 2) Jangan overload kendaraan. 3) Warm up transmisi sebelum drive keras. 4) Perbaiki kebocoran segera. 5) Gunakan ATF yang tepat - fluid berbeda tidak dapat dicampur.', 'SAE J306 ATF Standards, JASO ATF Specification', false, '2026-01-02 07:30:23.858427+00', '2026-01-02 07:30:23.858427+00');

-- =====================================================
-- SECTION 9: PROBLEM RELATIONS DATA
-- =====================================================

INSERT INTO public.problem_relations (relation_id, primary_problem_id, related_problem_id, relation_type, is_ai_generated, created_at) VALUES
('c3e404bd-d337-4c16-96c1-b943752cd999', '7eb9d443-0e90-4ec4-a79e-57e0e1915974', '667e97b0-efd5-4e9a-a22c-cb603c0180e3', 'Related To', false, '2026-01-02 07:32:38.8376+00'),
('f030bfbd-dcd0-424a-a862-e894140e2359', '7eb9d443-0e90-4ec4-a79e-57e0e1915974', '948e27d7-caec-43e2-99c1-54f5c69a4ada', 'Causes', false, '2026-01-02 07:32:38.8376+00'),
('903f375a-6d93-437d-9bb7-1db7d504ce36', '7eb9d443-0e90-4ec4-a79e-57e0e1915974', '8d7e5628-e704-43bc-8894-9e75287f5099', 'Causes', false, '2026-01-02 07:32:38.8376+00'),
('e5e922b3-6880-494e-9a3d-0329fac7c6dc', 'e363b9f7-029a-4996-bc99-44f189defb40', '0c04e230-c3bc-427f-8200-4d7accf5e959', 'Causes', false, '2026-01-02 07:32:38.8376+00'),
('d669d46f-8a44-4176-8212-947bc073f22b', 'e363b9f7-029a-4996-bc99-44f189defb40', '7946bacb-44b4-4d72-9e4f-755e8e29d8ec', 'Causes', false, '2026-01-02 07:32:38.8376+00'),
('5a9c8335-9ce4-4743-96a6-388811e1967f', '9be155b9-b3cb-4dfc-873e-e36f033d742e', 'e363b9f7-029a-4996-bc99-44f189defb40', 'Causes', false, '2026-01-02 07:32:38.8376+00'),
('e2c853f9-d132-4b15-a949-c68fcfa3ccfd', '27fe0647-5b87-4e38-99fc-ae4b20929395', 'e363b9f7-029a-4996-bc99-44f189defb40', 'Causes', false, '2026-01-02 07:32:38.8376+00'),
('b82200a4-ac5c-48ad-a037-309e17bfa55e', '87a96e17-2eab-4f77-a2b6-9feba1b6df06', 'e363b9f7-029a-4996-bc99-44f189defb40', 'Causes', false, '2026-01-02 07:32:38.8376+00'),
('ce447c2c-1a4b-43af-a6a8-0b2dc5323f8a', 'a285f602-f901-439f-a005-602514615f20', 'e363b9f7-029a-4996-bc99-44f189defb40', 'Causes', false, '2026-01-02 07:32:38.8376+00'),
('49f18624-3aab-4326-b1d9-4950e89b6306', '7946bacb-44b4-4d72-9e4f-755e8e29d8ec', '706e0034-d88c-44bb-a347-9f0ecaf39579', 'Causes', false, '2026-01-02 07:32:38.8376+00'),
('60209cbf-c962-4f33-929d-9a0a135d2bf4', '5ada0979-63c3-4514-820a-b5c646e81f7d', '7946bacb-44b4-4d72-9e4f-755e8e29d8ec', 'Causes', false, '2026-01-02 07:32:38.8376+00'),
('f864ee93-2694-42b8-806c-df9c3a6d5cfd', '0c04e230-c3bc-427f-8200-4d7accf5e959', 'a4454356-23be-428f-93ea-7aad5e6bef26', 'Causes', false, '2026-01-02 07:32:38.8376+00'),
('a741b1ed-ba72-4d37-b209-9c65d9f3420b', '0c04e230-c3bc-427f-8200-4d7accf5e959', '4b92f122-37e5-4841-ad69-95794a1ff965', 'Causes', false, '2026-01-02 07:32:38.8376+00'),
('73d1664e-1253-44d4-b355-ded20d5c1bb2', '0c04e230-c3bc-427f-8200-4d7accf5e959', '7eb9d443-0e90-4ec4-a79e-57e0e1915974', 'Causes', false, '2026-01-02 07:32:38.8376+00'),
('a8a834cf-e25d-49e2-a8f5-e49492185c5e', '667e97b0-efd5-4e9a-a22c-cb603c0180e3', '0f3370bf-82d3-44de-bc99-bd71a755efe4', 'Related To', false, '2026-01-02 07:32:38.8376+00'),
('2e5da0de-8475-4ece-8ca0-516adf67ddff', '667e97b0-efd5-4e9a-a22c-cb603c0180e3', 'ac8a4d30-cbfb-43c7-82b5-067259142be3', 'Causes', false, '2026-01-02 07:32:38.8376+00'),
('859690f2-750b-4229-8dc0-b960e206d191', 'e2f599f5-3b72-4de8-bf87-76ce854a8325', 'ac8a4d30-cbfb-43c7-82b5-067259142be3', 'Causes', false, '2026-01-02 07:32:38.8376+00'),
('78983027-e5fe-414d-8ad8-b34ee17f5ceb', 'e2f599f5-3b72-4de8-bf87-76ce854a8325', '9dd85b7a-5a59-47f7-8a2c-4f6ba8be856b', 'Causes', false, '2026-01-02 07:32:38.8376+00'),
('913f9ea8-6a80-4730-85bb-025bcbc89d83', 'd144e2d4-39d8-4a3d-8055-e171b040fba1', '7eb9d443-0e90-4ec4-a79e-57e0e1915974', 'Causes', false, '2026-01-02 07:32:38.8376+00');

-- =====================================================
-- SECTION 10: SAFETY PRECAUTIONS DATA
-- =====================================================

INSERT INTO public.safety_precautions (safety_id, problem_id, safety_description, warning_level, precaution_type, hazard_type, ppe_required, emergency_procedure, created_at, updated_at) VALUES
('e2587462-7e8f-45ff-9e93-8e262187fc2f', 'e363b9f7-029a-4996-bc99-44f189defb40', 'JANGAN BUKA TUTUP RADIATOR SAAT MESIN PANAS! Coolant bertekanan dapat menyembur dan menyebabkan luka bakar serius. Tunggu minimal 30 menit hingga mesin dingin.', 'Danger', 'Mechanic Safety', 'High Temperature', 'Sarung tangan tahan panas, kacamata safety, long sleeve shirt', 'Jika terkena coolant panas: segera siram dengan air dingin mengalir selama minimal 20 menit. Jika luka bakar parah, segera ke UGD.', '2026-01-02 07:31:40.042796+00', '2026-01-02 07:31:40.042796+00'),
('57bb293a-ab35-4b07-9687-454fc9a4db2a', 'e363b9f7-029a-4996-bc99-44f189defb40', 'Jangan jalankan kendaraan yang overheat - dapat menyebabkan kerusakan mesin permanen seperti warped head, seized engine.', 'Warning', 'Vehicle Safety', 'Mechanical', 'N/A', 'Jika overheat: segera menepi, matikan AC, nyalakan heater untuk membantu buang panas, matikan mesin. Jangan buka kap sampai cukup dingin.', '2026-01-02 07:31:40.042796+00', '2026-01-02 07:31:40.042796+00'),
('ed752554-8a03-4512-8086-c931dc51ea30', '7eb9d443-0e90-4ec4-a79e-57e0e1915974', 'Hati-hati saat bekerja dengan sistem pengapian. Tegangan tinggi dari ignition coil (20.000-40.000V) dapat menyebabkan kejutan listrik.', 'Warning', 'Mechanic Safety', 'Electrical', 'Sarung tangan isolasi, alas karet, kacamata safety', 'Jika terkena kejutan: jauhi sumber listrik, periksa kesadaran korban, hubungi bantuan medis jika diperlukan.', '2026-01-02 07:31:40.042796+00', '2026-01-02 07:31:40.042796+00'),
('ea094607-b8e2-468a-a8dd-c71f57ab42a7', '7eb9d443-0e90-4ec4-a79e-57e0e1915974', 'Buang busi bekas, oli, dan komponen dengan benar. Jangan buang ke tempat sampah biasa.', 'Caution', 'Environmental', 'Chemical', 'Sarung tangan nitril', 'Kumpulkan limbah B3 dan serahkan ke pengepul resmi.', '2026-01-02 07:31:40.042796+00', '2026-01-02 07:31:40.042796+00'),
('134dc321-1f53-4907-a5f1-fcfd14972289', 'a1f896bd-cad1-4a63-a655-90c5073caca7', 'Oli mesin panas dapat menyebabkan luka bakar. Pastikan mesin sudah dingin sebelum mengganti oli.', 'Warning', 'Mechanic Safety', 'High Temperature', 'Sarung tangan tahan panas, kacamata safety, apron', 'Jika terkena oli panas: siram dengan air dingin, oleskan salep luka bakar.', '2026-01-02 07:31:40.042796+00', '2026-01-02 07:31:40.042796+00'),
('c68800db-1925-4c86-bff7-077f3e2c066c', 'a1f896bd-cad1-4a63-a655-90c5073caca7', 'Oli bekas adalah limbah B3. Jangan buang ke tanah atau saluran air.', 'Caution', 'Environmental', 'Chemical', 'Sarung tangan nitril', 'Tampung oli bekas dalam wadah tertutup dan serahkan ke pengepul resmi.', '2026-01-02 07:31:40.042796+00', '2026-01-02 07:31:40.042796+00'),
('164bfe0d-93ce-4346-bc76-d32f5ecd66ec', 'e2f599f5-3b72-4de8-bf87-76ce854a8325', 'Bahan bakar sangat mudah terbakar! Jangan bekerja dekat api, rokok, atau sumber percikan api. Pastikan ventilasi cukup.', 'Danger', 'Mechanic Safety', 'Fire/Explosion', 'Sarung tangan nitril, kacamata safety, pakaian anti-statis, fire extinguisher ready', 'Jika terjadi kebakaran: gunakan fire extinguisher Class B, jauhi area, hubungi pemadam.', '2026-01-02 07:31:40.042796+00', '2026-01-02 07:31:40.042796+00'),
('4f8b7012-ee0e-491b-9ad4-3c3b009fa861', 'e2f599f5-3b72-4de8-bf87-76ce854a8325', 'Discharge static electricity sebelum membuka fuel system. Sentuh body kendaraan terlebih dahulu.', 'Warning', 'Vehicle Safety', 'Electrical', 'Gelang anti-statis', 'Static discharge dapat menyebabkan percikan dan ledakan.', '2026-01-02 07:31:40.042796+00', '2026-01-02 07:31:40.042796+00'),
('00000000-0000-0000-0000-000000000001', 'b87b26e6-0212-411a-8ca5-11fc0e20cbff', 'Kebocoran bahan bakar adalah bahaya SANGAT SERIUS. Jangan jalankan kendaraan sama sekali jika ada kebocoran yang terdeteksi!', 'Danger', 'Mechanic Safety', 'Fire/Explosion', 'Full PPE, fire extinguisher, well-ventilated area only', 'Jika tercium bau bensin kuat: jangan hidupkan apapun yang bisa memicu percikan, ventilasi area, evakuasi.', '2026-01-02 07:31:40.042796+00', '2026-01-02 07:31:40.042796+00');

-- =====================================================
-- SECTION 11: COST ESTIMATION DATA
-- =====================================================

INSERT INTO public.cost_estimation (cost_id, problem_id, part_cost_min, part_cost_max, labor_cost, total_cost_estimate, currency, last_updated, created_at) VALUES
('708198a1-0616-4fde-82e4-b2c31ef8a9e6', '7eb9d443-0e90-4ec4-a79e-57e0e1915974', 150000.00, 2500000.00, 200000.00, 2700000.00, 'IDR', '2026-01-02 07:32:17.641993+00', '2026-01-02 07:32:17.641993+00'),
('faa72361-262e-4495-b582-e150bd7ee87c', '7946bacb-44b4-4d72-9e4f-755e8e29d8ec', 500000.00, 5000000.00, 500000.00, 5500000.00, 'IDR', '2026-01-02 07:32:17.641993+00', '2026-01-02 07:32:17.641993+00'),
('ad67c5c3-c471-49fb-b1b4-5bdab17df072', 'e363b9f7-029a-4996-bc99-44f189defb40', 200000.00, 8000000.00, 500000.00, 8500000.00, 'IDR', '2026-01-02 07:32:17.641993+00', '2026-01-02 07:32:17.641993+00'),
('5e9f5212-c13e-4c1c-82a5-fb19b79b0645', '706e0034-d88c-44bb-a347-9f0ecaf39579', 2000000.00, 15000000.00, 3000000.00, 18000000.00, 'IDR', '2026-01-02 07:32:17.641993+00', '2026-01-02 07:32:17.641993+00'),
('49ad84dc-6d33-4162-b5ee-1d47dbdee2c6', 'ac8a4d30-cbfb-43c7-82b5-067259142be3', 100000.00, 3000000.00, 300000.00, 3300000.00, 'IDR', '2026-01-02 07:32:17.641993+00', '2026-01-02 07:32:17.641993+00'),
('323504dc-cc07-48ed-84e2-26a8734bef0c', '667e97b0-efd5-4e9a-a22c-cb603c0180e3', 50000.00, 800000.00, 150000.00, 950000.00, 'IDR', '2026-01-02 07:32:17.641993+00', '2026-01-02 07:32:17.641993+00'),
('3337090d-412a-428e-83f6-2bc7a02e314c', '9dd85b7a-5a59-47f7-8a2c-4f6ba8be856b', 200000.00, 3000000.00, 250000.00, 3250000.00, 'IDR', '2026-01-02 07:32:17.641993+00', '2026-01-02 07:32:17.641993+00'),
('5921af2b-ce79-460d-b42e-ef2cdd4ce0b0', '948e27d7-caec-43e2-99c1-54f5c69a4ada', 300000.00, 5000000.00, 400000.00, 5400000.00, 'IDR', '2026-01-02 07:32:17.641993+00', '2026-01-02 07:32:17.641993+00'),
('3c852bae-b6ef-4da8-86c2-f6a21d9470c4', '277b88bd-ba22-4ab9-8e3f-05f4fa272d88', 300000.00, 2000000.00, 300000.00, 2300000.00, 'IDR', '2026-01-02 07:32:17.641993+00', '2026-01-02 07:32:17.641993+00'),
('07cb9a12-ad1f-4dbc-b6bc-4dc2c2899860', '5ada0979-63c3-4514-820a-b5c646e81f7d', 1500000.00, 8000000.00, 1500000.00, 9500000.00, 'IDR', '2026-01-02 07:32:17.641993+00', '2026-01-02 07:32:17.641993+00'),
('e2164e51-7b6d-4ed2-9335-72bd8c388052', '747ba084-234b-4909-b0b1-d5d10c1cbd79', 100000.00, 1500000.00, 500000.00, 2000000.00, 'IDR', '2026-01-02 07:32:17.641993+00', '2026-01-02 07:32:17.641993+00'),
('f82e5e9b-507b-492a-b8c5-4adbde8783e2', 'a1f896bd-cad1-4a63-a655-90c5073caca7', 50000.00, 500000.00, 200000.00, 700000.00, 'IDR', '2026-01-02 07:32:17.641993+00', '2026-01-02 07:32:17.641993+00'),
('0f2feb37-4a44-4142-8e12-909add5ca532', 'a4454356-23be-428f-93ea-7aad5e6bef26', 3000000.00, 12000000.00, 2000000.00, 14000000.00, 'IDR', '2026-01-02 07:32:17.641993+00', '2026-01-02 07:32:17.641993+00'),
('5cc56d2c-a1f6-465e-97f7-7a6332164ea0', '0694da84-0c1e-4e22-b569-9e73e8e74031', 200000.00, 3500000.00, 300000.00, 3800000.00, 'IDR', '2026-01-02 07:32:17.641993+00', '2026-01-02 07:32:17.641993+00'),
('9eaa415c-152d-49cf-8770-cf27f7e0fb71', '8d7e5628-e704-43bc-8894-9e75287f5099', 2000000.00, 8000000.00, 500000.00, 8500000.00, 'IDR', '2026-01-02 07:32:17.641993+00', '2026-01-02 07:32:17.641993+00'),
('737b717d-8606-4c9d-8872-1a3c2abcadec', '78ba3c55-8181-4ce1-aab8-a9ed945d0719', 500000.00, 25000000.00, 1500000.00, 26500000.00, 'IDR', '2026-01-02 07:32:17.641993+00', '2026-01-02 07:32:17.641993+00');

-- =====================================================
-- END OF DATA MIGRATION
-- =====================================================

-- After running this script, create your admin user manually:
-- INSERT INTO public.user_roles (user_id, role) VALUES ('<your-user-uuid>', 'admin');
